internal_id,identifier,record_url,persistent_id,landing_page_url,title,authors,primary_author,contributors,origin_repository,origin_repository_url,institution_normalized,country_scope,result_year,year,document_type,document_type_normalized,document_family,degree_level,language,publisher,rights,abstract,keywords,search_snippet,search_criteria_hits,search_hit_count,matched_title,matched_abstract,matched_keywords,included_by_phrase_rule,included_document_type,included_country_scope,pdf_url,pdf_candidate_count,pdf_downloaded,pdf_local_path,pdf_sha256,pdf_size_bytes,pdf_page_count,pdf_text_path,pdf_text_char_count,pdf_text_quality,pdf_error,manual_review_status,collected_at_utc,primary_category,primary_category_label,categories,category_labels,category_rule_matches
oai-estudogeral-uc-pt-10316-29992,oai:estudogeral.uc.pt:10316/29992,https://www.rcaap.pt/detail.jsp?id=oai:estudogeral.uc.pt:10316/29992,https://hdl.handle.net/10316/29992,https://estudogeral.uc.pt/handle/10316/29992,A publicação historiográfica em Portugal: mudanças e permanências.,"Guardado, Cristina | Borges, Maria Manuel","Guardado, Cristina",,Estudo Geral - Universidade de Coimbra,http://estudogeral.sib.uc.pt,Universidade de Coimbra,pt,,2014,journal article,journal article,other,,por,,open access,,Humanidades digitais | História | Portugal,,keywords,1,False,False,True,True,False,True,https://estudogeral.uc.pt/bitstream/10316/29992/1/A%20publicacao%20historiografica%20em%20Portugal.pdf,30,False,,,0,0,,0,not_attempted,,excluded_document_type,2026-03-11T12:06:43.840439+00:00,metodos_computacionais,Métodos computacionais aplicados às humanidades,metodos_computacionais,Métodos computacionais aplicados às humanidades,humanidades digitais
oai-dspace-uevora-pt-10174-10542,oai:dspace.uevora.pt:10174/10542,https://www.rcaap.pt/detail.jsp?id=oai:dspace.uevora.pt:10174/10542,http://hdl.handle.net/10174/10542,http://dspace.uevora.pt/rdpc/handle/10174/10542,DO ARQUIVO HISTÓRICO-SOCIAL AO PROJECTO MOSCA,"Freire, João | Guimarães, Paulo Eduardo","Freire, João",,Repositório Científico da Universidade de Évora,https://dspace.uevora.pt/rdpc,Universidade de Évora,pt,,2014,journal article,journal article,other,,por,A Ideia,open access,"O Arquivo Histónco-Social (AHS) foi constituído no final da década de 70 no âmbito do Centro de Estudos Libertãnos (CEL. em Lisboa) por iniciativa de pessoas como Emídio Santana, Moisés Silva Ramos. Lígia de Oliveira, Francisco Quintal. Sebastião de Almeida. João Freire e outros, tendo reunido espólios de antigos militantes sindicalistas e anarquistas, bem como das suas organizações especificas (grupos acratas. uniões e federações), sindicais (associações de classe, sindicatos únicos, uniões locais, federações, congressos operários e Confederação Geral do Trabalho) e culturais. Esses espólios guardaram documentação sobrevivente de antigas organizações que foi salva e conservada durante o longo período de clandestinidade por militantes sociais juntamente com os seus próprios documentos. Com essa iniciativa importava salvaguardar a memória de um movimento social que ficara esquecido, mal compreendido, se não vilipendiado, volvido perto de meio século de ditadura militar filofascista. (…) Os materiais que compõem o AHS foram em grande parte digitalizados no âmbito do projecto de investigaçào cientifica financiado pela Fundação para a Ciência e a Tecnologia, Movimento Social Crítico e Alternativo: memóna e referências (abreviadamente MOSCA) que decorreu entre os anos de 2010 e 2013. Hoje, encontra-se criado o Portal de Informação MOSCA, provisonamente alojado na Universidade de Évora no endereço mosca-servidor.xdi.uevora.pt/projecto/, mas que ficará futuramente associado ao portal da BNP (Biblioteca Nacional de Portugal).",Humanidades Digitais | Sistemas de Informação | Historiografia e Memória | Movimento Libertário | Portugal | Século XX,"O Arquivo Histónco-Social (AHS) foi constituído no final da década de 70 no âmbito do Centro de Estudos Libertãnos (CEL. em Lisboa) por iniciativa de pessoas como Emídio Santana, Moisés Silva Ramos. Lígia de Oliveira, Francisco Quintal. Sebastião de Almeida. João Freire e outros, tendo reunido espólios de antigos militantes sindicalistas e anarquistas, bem como das suas organizações especificas (grupos acratas....",keywords,1,False,False,True,True,False,True,http://dspace.uevora.pt/rdpc/bitstream/10174/10542/1/PEG_MOSCA_Ideia.pdf,31,False,,,0,0,,0,not_attempted,,excluded_document_type,2026-03-11T12:06:44.557427+00:00,metodos_computacionais,Métodos computacionais aplicados às humanidades,metodos_computacionais,Métodos computacionais aplicados às humanidades,humanidades digitais
oai-publicacoes-bad-pt-revistas-article-1060,oai:publicacoes.bad.pt/revistas:article/1060,https://www.rcaap.pt/detail.jsp?id=oai:publicacoes.bad.pt/revistas:article/1060,https://doi.org/10.48798/cadernosbad.1060,https://publicacoes.bad.pt/revistas/index.php/cadernos/article/view/1060,Humanidades Digitais: Novos desafios e oportunidades,"Guerreiro, Dália Maria | Borbinha, José Luís","Guerreiro, Dália Maria",,Cadernos BAD,http://www.bad.pt/publicacoes/index.php/cadernos,Cadernos BAD,pt,,2014,journal article,journal article,other,,por,BAD,open access,"A área de investigação das Humanidades Digitais agrega as ciências sociais e humanas, as ciências de computação e as ciências da informação e documentação. Apesar de se ter afirmado recentemente, é extremamente dinâmica, com um número crescente de organizações associadas, eventos promovidos e de jornais editados. As Humanidades Digitais exibem simultaneamente, para cada disciplina, reptos próprios e grandes questões transversais. Em termos gerais, as linhas de investigação procuram o entendimento e gestão dos ciclos de vida da informação de interesse histórico e social, para reutilização como objeto de estudo pelas comunidades académicas e escolares. Os projetos existentes ou anunciados abrangem variadas áreas, destacando-se aqui aqueles que têm relação mais direta com as ciências da informação.",Artigos,"A área de investigação das Humanidades Digitais agrega as ciências sociais e humanas, as ciências de computação e as ciências da informação e documentação. Apesar de se ter afirmado recentemente, é extremamente dinâmica, com um número crescente de organizações associadas, eventos promovidos e de jornais editados. As Humanidades Digitais exibem simultaneamente, para cada disciplina, reptos próprios e grandes que...",abstract | title,2,True,True,False,True,False,True,https://publicacoes.bad.pt/revistas/index.php/cadernos/article/download/1060/pdf,37,False,,,0,0,,0,not_attempted,,excluded_document_type,2026-03-11T12:06:21.595775+00:00,metodos_computacionais,Métodos computacionais aplicados às humanidades,metodos_computacionais | ensino_formacao,Métodos computacionais aplicados às humanidades | Ensino e formação,disciplina | humanidades digitais
oai-dspace-uevora-pt-10174-11428,oai:dspace.uevora.pt:10174/11428,https://www.rcaap.pt/detail.jsp?id=oai:dspace.uevora.pt:10174/11428,http://hdl.handle.net/10174/11428,http://dspace.uevora.pt/rdpc/handle/10174/11428,Humanidades Digitais: Novos desafios e oportunidades,"Guerreiro, Dália | Borbinha, José Luís","Guerreiro, Dália",,Repositório Científico da Universidade de Évora,https://dspace.uevora.pt/rdpc,Universidade de Évora,pt,,2014,journal article,journal article,other,,por,"BAD - Associação portuguesa de bibliotecários, arquivistas e documentalistas",open access,"A área de investigação das Humanidades Digitais agrega as ciências sociais e humanas, as ciências de computação e as ciências da informação e documentação. Apesar de se ter afirmado recentemente, é extremamente dinâmica, com um número crescente de organizações associadas, eventos promovidos e de jornais editados. As Humanidades Digitais exibem simultaneamente, para cada disciplina, reptos próprios e grandes questões transversais. Em termos gerais, as linhas de investigação procuram o entendimento e gestão dos ciclos de vida da informação de interesse histórico e social, para reutilização como objeto de estudo pelas comunidades académicas e escolares. Os projetos existentes ou anunciados abrangem variadas áreas, destacando-se aqui aqueles que têm relação mais direta com as ciências da informação.",Humanidades digitais | Bibliotecas digitais | Biblioteconomia | Investigação em humanidades,"A área de investigação das Humanidades Digitais agrega as ciências sociais e humanas, as ciências de computação e as ciências da informação e documentação. Apesar de se ter afirmado recentemente, é extremamente dinâmica, com um número crescente de organizações associadas, eventos promovidos e de jornais editados. As Humanidades Digitais exibem simultaneamente, para cada disciplina, reptos próprios e grandes que...",abstract | keywords | title,3,True,True,True,True,False,True,http://dspace.uevora.pt/rdpc/bitstream/10174/11428/1/Cadernos_BAD_1060-2383-1-PB.pdf,31,False,,,0,0,,0,not_attempted,,excluded_document_type,2026-03-11T12:06:26.200614+00:00,arquivos_bibliotecas_digitais,Arquivos e bibliotecas digitais,arquivos_bibliotecas_digitais | metodos_computacionais | ensino_formacao,Arquivos e bibliotecas digitais | Métodos computacionais aplicados às humanidades | Ensino e formação,bibliotecas digitais | disciplina | humanidades digitais
oai-dspace-uevora-pt-10174-12155,oai:dspace.uevora.pt:10174/12155,https://www.rcaap.pt/detail.jsp?id=oai:dspace.uevora.pt:10174/12155,http://hdl.handle.net/10174/12155,http://dspace.uevora.pt/rdpc/handle/10174/12155,Humanidades Digitais: novos desafios e oportunidades,"Guerreiro, Dália | Borbinha, José Luís","Guerreiro, Dália",,Repositório Científico da Universidade de Évora,https://dspace.uevora.pt/rdpc,Universidade de Évora,pt,,2014,journal article,journal article,other,,por,Common Ground,open access,"As Humanidades Digitais são uma área do conhecimento dinâmica e interdisciplinar, assente na conexão e articulação de domínios do conhecimento com diferentes metodologias de investigação. No âmbito das Humanidades Digitais, têm particular relevância as bibliotecas digitais construídas para os investigadores. Atualmente, existem dois tipos de bibliotecas digitais, as que apresentam o acervo em modo de imagem e as que apresentam a informação em modo texto. Estas últimas, se não forem devidamente estruturadas, não permitem a reutilização da informação através da programação informática. O modelo das bibliotecas digitais está em evolução e procura adaptar-se às atuais exigências dos especialistas e do público.",humanidades digitais | bibliotecas digitais,"As Humanidades Digitais são uma área do conhecimento dinâmica e interdisciplinar, assente na conexão e articulação de domínios do conhecimento com diferentes metodologias de investigação. No âmbito das Humanidades Digitais, têm particular relevância as bibliotecas digitais construídas para os investigadores. Atualmente, existem dois tipos de bibliotecas digitais, as que apresentam o acervo em modo de imagem e a...",title,1,True,True,True,True,False,True,http://dspace.uevora.pt/rdpc/bitstream/10174/12155/2/Dalia_Guerreiro_artigo_repositorio.pdf,32,False,,,0,0,,0,not_attempted,,excluded_document_type,2026-03-11T12:06:26.485414+00:00,arquivos_bibliotecas_digitais,Arquivos e bibliotecas digitais,arquivos_bibliotecas_digitais | metodos_computacionais | ensino_formacao,Arquivos e bibliotecas digitais | Métodos computacionais aplicados às humanidades | Ensino e formação,bibliotecas digitais | disciplina | humanidades digitais
oai-dspace-uevora-pt-10174-10361,oai:dspace.uevora.pt:10174/10361,https://www.rcaap.pt/detail.jsp?id=oai:dspace.uevora.pt:10174/10361,http://hdl.handle.net/10174/10361,http://dspace.uevora.pt/rdpc/handle/10174/10361,In Limine - Património textual e Humanidades Digitais: da antiga à nova Filologia,"Gonçalves, Maria Filomena | Banza, Ana Paula","Gonçalves, Maria Filomena",,Repositório Científico da Universidade de Évora,https://dspace.uevora.pt/rdpc,Universidade de Évora,pt,,2014,book part,book part,other,,por,CIDEHUS,open access,"Neste texto de introdução à colectãnea ""Património Textual e Humanidades Digitais: da antiga à nova Filologia"", além de apresentarem as contribuições nela reunidas, as coordenadoras do volume traçam um breve ""estado da arte"" das relações entre a Filologia e as Humanidades Digitais.",Filologia | Fontes | Corpora | Humanidades Digitais,"Neste texto de introdução à colectãnea ""Património Textual e Humanidades Digitais: da antiga à nova Filologia"", além de apresentarem as contribuições nela reunidas, as coordenadoras do volume traçam um breve ""estado da arte"" das relações entre a Filologia e as Humanidades Digitais.",abstract | keywords | title,3,True,True,True,True,False,True,http://dspace.uevora.pt/rdpc/bitstream/10174/10361/3/In%20Limine%20-%201%c2%aa%20p%c3%a1gina.JPG,32,False,,,0,0,,0,not_attempted,,excluded_document_type,2026-03-11T12:06:25.623104+00:00,patrimonio_digital,Património digital,patrimonio_digital | metodos_computacionais,Património digital | Métodos computacionais aplicados às humanidades,humanidades digitais | patrimonio | património
oai-dspace-uevora-pt-10174-11451,oai:dspace.uevora.pt:10174/11451,https://www.rcaap.pt/detail.jsp?id=oai:dspace.uevora.pt:10174/11451,http://hdl.handle.net/10174/11451,http://dspace.uevora.pt/rdpc/handle/10174/11451,Património Textual e Humanidades Digitais: da antiga à nova Filologia,"Gonçalves, Maria Filomena | Banza, Ana Paula","Gonçalves, Maria Filomena",,Repositório Científico da Universidade de Évora,https://dspace.uevora.pt/rdpc,Universidade de Évora,pt,,2014,book,book,other,,por,CIDEHUS,open access,"Com este livro, intitulado Património Textual e Humanidades Digitais – Da antiga à nova Filologia, pretende-se, por um lado, recuperar e valorizar não só fontes da memória textual do português clássico que ou são desconhecidas ou têm andado esquecidas – vejam-se os textos de Arnaldo Espírito Santo e João Paulo Silvestre e, ainda, o de Maria Filomena Gonçalves e Ana Paula Banza – mas também demonstrar o interesse cultural e filológico de espólios de manuscritos da fase final do período clássico (veja-se o espólio cenaculano, estudado por Francisco Vaz); por outro lado, pretende-se mostrar como hoje é possível aplicar o meio digital a fontes antigas e quais as soluções encontradas para casos concretos, conforme ilustram os trabalhos de Maria Clara Paixão de Sousa e Paulo Quaresma. O percurso desenvolvido neste volume, que vai da Filologia tradicional à Filologia Digital, culmina na apresentação de uma ferramenta criada expressamente para apoiar a investigação filológico-linguística de manuscritos que, evidentemente, colocam dificuldades distintas das dos impressos. Os textos reunidos neste volume representam, pois, o percurso da antiga à nova Filologia, que se assume como uma Filologia Digital, representando algumas das áreas de investigação que se situam (ou se adentram) em domínios de tangência com as Humanidades Digitais – a história do livro e da leitura, a inventariação de espólios, o resgate de textos clássicos e a análise de fontes pouco ou escassamente estudadas – e congregando temas quer de raiz filológica, linguística e historiográfica, quer do âmbito da Informática e da Linguística Computacional.",Filologia | Fontes | Corpora | Humanidades digitais,"Com este livro, intitulado Património Textual e Humanidades Digitais – Da antiga à nova Filologia, pretende-se, por um lado, recuperar e valorizar não só fontes da memória textual do português clássico que ou são desconhecidas ou têm andado esquecidas – vejam-se os textos de Arnaldo Espírito Santo e João Paulo Silvestre e, ainda, o de Maria Filomena Gonçalves e Ana Paula Banza – mas também demonstrar o interess...",abstract | keywords | title,3,True,True,True,True,False,True,http://dspace.uevora.pt/rdpc/bitstream/10174/11451/1/Patrim%c3%b3nio%20Textual%20e%20Humanidades%20Digitais.pdf,32,False,,,0,0,,0,not_attempted,,excluded_document_type,2026-03-11T12:06:25.312702+00:00,patrimonio_digital,Património digital,patrimonio_digital | analise_textual_nlp | metodos_computacionais | ensino_formacao,Património digital | Análise textual e NLP | Métodos computacionais aplicados às humanidades | Ensino e formação,curso | humanidades digitais | linguistica computacional | linguística computacional | patrimonio | património
oai-dspace-uevora-pt-10174-10468,oai:dspace.uevora.pt:10174/10468,https://www.rcaap.pt/detail.jsp?id=oai:dspace.uevora.pt:10174/10468,http://hdl.handle.net/10174/10468,http://dspace.uevora.pt/rdpc/handle/10174/10468,Património Textual e Humanidades Digitais: da antiga à nova Filologia,"Gonçalves, Maria Filomena | Banza, Ana Paula","Gonçalves, Maria Filomena",,Repositório Científico da Universidade de Évora,https://dspace.uevora.pt/rdpc,Universidade de Évora,pt,,2014,book,book,other,,por,CIDEHUS,open access,"Este livro reúne textos de especialistas em Filologia, História do Livro, Computação e Humanidades Digitais com o objectivo de trazer novas contribuições acerca das relações, cada vez mais estreitas, entre a Filologia e o meio digital.",Filologia | Fontes | Corpora | Humanidades Digitais,"Este livro reúne textos de especialistas em Filologia, História do Livro, Computação e Humanidades Digitais com o objectivo de trazer novas contribuições acerca das relações, cada vez mais estreitas, entre a Filologia e o meio digital.",abstract | keywords | title,3,True,True,True,True,False,True,http://dspace.uevora.pt/rdpc/bitstream/10174/10468/1/e-book.pdf,32,False,,,0,0,,0,not_attempted,,excluded_document_type,2026-03-11T12:06:25.932353+00:00,patrimonio_digital,Património digital,patrimonio_digital | metodos_computacionais,Património digital | Métodos computacionais aplicados às humanidades,humanidades digitais | patrimonio | património
oai-estudogeral-uc-pt-10316-45307,oai:estudogeral.uc.pt:10316/45307,https://www.rcaap.pt/detail.jsp?id=oai:estudogeral.uc.pt:10316/45307,https://hdl.handle.net/10316/45307,https://estudogeral.uc.pt/handle/10316/45307,"Projeto ""O arquivo do romanceiro português da tradição oral moderna (1828-2010): sua preservação e difusão""","Boto, Sandra | Ferré, Pere | Tavares, Mirian","Boto, Sandra",,Estudo Geral - Universidade de Coimbra,http://estudogeral.sib.uc.pt,Universidade de Coimbra,pt,,2014,book part,book part,other,,por,Centro de Investigação em Artes e Comunicação,open access,"O Romanceiro é um género poético tradicional que circula desde os finais da Idade Média na memória dos povos de expressão portuguesa, galega, castelhana e catalã, difundindo-se desde então oralmente de geração em geração. Trata-se, portanto, de um património imaterial de uma vitalidade excecional e de uma riqueza ímpar que importa preservar. O presente projeto, acolhido pela Fundação Manuel Viegas Guerreiro e pelo CIAC, e financiado pela Fundação Calouste Gulbenkian, pretende salvaguardar e tornar acessível ao grande público o Arquivo do Romanceiro Português, absolutamente único no contexto ibérico, através dos novos recursos digitais.",Tradição oral moderna portuguesa | Novos média | Humanidades Digitais | Arquivo,"O Romanceiro é um género poético tradicional que circula desde os finais da Idade Média na memória dos povos de expressão portuguesa, galega, castelhana e catalã, difundindo-se desde então oralmente de geração em geração. Trata-se, portanto, de um património imaterial de uma vitalidade excecional e de uma riqueza ímpar que importa preservar. O presente projeto, acolhido pela Fundação Manuel Viegas Guerreiro e p...",keywords,1,False,False,True,True,False,True,https://estudogeral.uc.pt/bitstream/10316/45307/1/Projeto_OArquivoDoRomanceiroPortuguesDAT.pdf,30,False,,,0,0,,0,not_attempted,,excluded_document_type,2026-03-11T12:06:44.251747+00:00,patrimonio_digital,Património digital,patrimonio_digital | metodos_computacionais | ensino_formacao,Património digital | Métodos computacionais aplicados às humanidades | Ensino e formação,curso | humanidades digitais | patrimonio | património
oai-ojs-revistas-ucp-pt-article-2634,oai:ojs.revistas.ucp.pt:article/2634,https://www.rcaap.pt/detail.jsp?id=oai:ojs.revistas.ucp.pt:article/2634,https://doi.org/10.34632/gaudiumsciendi.2013.2634,https://revistas.ucp.pt/index.php/gaudiumsciendi/article/view/2634,"Berry, D. M. (Ed.). (2012). Understanding Digital Humanities. Houndmills Basingstoke Hampshire; New York: Palgrave Macmillan.","Guerreiro, Dália","Guerreiro, Dália",,Gaudium Sciendi,https://revistas.ucp.pt/index.php/gaudiumsciendi/,Gaudium Sciendi,pt,,2013,journal article,journal article,other,,por,Universidade Católica Portuguesa,Direitos de Autor (c) 2013 Dália Guerreiro | http://creativecommons.org/licenses/by/4.0 | info:eu-repo/semantics/openAccess,"A recensão da obra Understanding Digital Humanities, editada por David M. Berry, em 2012, inicia com uma breve definição do conceito 'humanidades digitais' para abordar o seu conteúdo e o conceito subjacente aos vários contributos que integram a coletânea. Escritos pelas autoridades mais prementes e reconhecidas neste domínio, os artigos desenvolvem-se em torno da alteração computacional e da mudança de paradigma na aquisição e produção do conhecimento causada pela introdução de ferramentas digitais.",,"The critical review of the work Understanding digital humanities, edited by David M. Berry, in 2012, begins with a brief definition of digital humanities in order to approach its content and the various contributions that integrate this volume. Written by the most trusted and recognized authorities in this field, the articles are developed around the 'computational turn' and the paradigm shift in the acquisitio...",abstract,1,False,True,False,True,False,True,https://revistas.ucp.pt/index.php/gaudiumsciendi/article/download/2634/2544,31,False,,,0,0,,0,not_attempted,,excluded_document_type,2026-03-11T12:06:40.093783+00:00,metodos_computacionais,Métodos computacionais aplicados às humanidades,metodos_computacionais,Métodos computacionais aplicados às humanidades,humanidades digitais
oai-estudogeral-uc-pt-10316-83568,oai:estudogeral.uc.pt:10316/83568,https://www.rcaap.pt/detail.jsp?id=oai:estudogeral.uc.pt:10316/83568,https://hdl.handle.net/10316/83568,https://estudogeral.uc.pt/handle/10316/83568,Humanidades Digitais: As Humanidades na Era da Web 2.0,"Portela, Manuel","Portela, Manuel",,Estudo Geral - Universidade de Coimbra,http://estudogeral.sib.uc.pt,Universidade de Coimbra,pt,,2013,journal article,journal article,other,,por,Imprensa da Universidade de Coimbra,open access,,"humanidades digitais, web 2.0",,keywords | title,2,True,False,True,True,False,True,https://estudogeral.uc.pt/bitstream/10316/83568/1/MP_HumanidadesDigitais_rualarga38_%282013%29.pdf,27,False,,,0,0,,0,not_attempted,,excluded_document_type,2026-03-11T12:06:20.250143+00:00,metodos_computacionais,Métodos computacionais aplicados às humanidades,metodos_computacionais,Métodos computacionais aplicados às humanidades,humanidades digitais
oai-estudogeral-uc-pt-10316-30015,oai:estudogeral.uc.pt:10316/30015,https://www.rcaap.pt/detail.jsp?id=oai:estudogeral.uc.pt:10316/30015,https://hdl.handle.net/10316/30015,https://estudogeral.uc.pt/handle/10316/30015,Digital History in Portugal: a survey,"Guardado, Cristina | Borges, Maria Manuel","Guardado, Cristina",,Estudo Geral - Universidade de Coimbra,http://estudogeral.sib.uc.pt,Universidade de Coimbra,pt,,2012,other,other,other,,eng,Dusseldorf University,open access,"The emergence of concepts like “digital humanities” and “digital history” shows how digital technology is becoming increasingly important to the humanities and corresponding disciplines. This study is a first look into digital history in Portugal. Using information available on the Web, it is possible to see that historians are using more and more digital tools to complete and communicate their work as well as to collaborate with other researchers.",Humanidades digitais | História digital,"The emergence of concepts like “digital humanities” and “digital history” shows how digital technology is becoming increasingly important to the humanities and corresponding disciplines. This study is a first look into digital history in Portugal. Using information available on the Web, it is possible to see that historians are using more and more digital tools to complete and communicate their work as well as ...",keywords,1,False,False,True,True,False,True,https://estudogeral.uc.pt/bitstream/10316/30015/1/2012%20Digital%20History%20in%20Portugal.pdf,35,False,,,0,0,,0,not_attempted,,excluded_document_type,2026-03-11T12:06:43.405093+00:00,metodos_computacionais,Métodos computacionais aplicados às humanidades,metodos_computacionais,Métodos computacionais aplicados às humanidades,humanidades digitais
oai-ojs-revistas-rcaap-pt-article-12518,oai:ojs.revistas.rcaap.pt:article/12518,https://www.rcaap.pt/detail.jsp?id=oai:ojs.revistas.rcaap.pt:article/12518,https://doi.org/10.51427/cet.sdc.2007.0011,https://revistas.rcaap.pt/sdc/article/view/12518,Sobre teatro italiano na rede,"Almeida, Maria João","Almeida, Maria João",,Revista Sinais de Cena,https://revistas.rcaap.pt/sdc/index,Revista Sinais de Cena,pt,,2007,journal article,journal article,other,,por,Centro de Estudos de Teatro da Faculdade de Letras da Universidade de Lisboa,Direitos de Autor (c) 2007 Maria João Almeida,"Apresentação, considerações e indicações sobre três sítios que divulgam o teatro italiano e promovem a investigação: &lt;http://www.capitalespettacolo.it&gt; (Fondazione Mantova Capitale Europea dello Spettacolo), &lt;http://www.buma.it/&gt; (Museo virtualedel Burattino e della Marionetta), &lt;http://www.carlogoldoni.it&gt;(Carlo Goldoni. Drammi per musica).",Humanidades Digitais | História do Espectáculo em Itália | História do Teatro de Marioneta | Goldoni | Digital Humanities | Italian Performance History | Puppet Theatre History,"Apresentação, considerações e indicações sobre três sítios que divulgam o teatro italiano e promovem a investigação: &lt;http://www.capitalespettacolo.it&gt; (Fondazione Mantova Capitale Europea dello Spettacolo), &lt;http://www.buma.it/&gt; (Museo virtualedel Burattino e della Marionetta), &lt;http://www.carlogoldoni.it&gt;(Carlo Goldoni. Drammi per musica).",keywords,1,False,False,True,True,False,True,https://revistas.rcaap.pt/sdc/article/download/12518/9626,44,False,,,0,0,,0,not_attempted,,excluded_document_type,2026-03-11T12:06:42.434712+00:00,metodos_computacionais,Métodos computacionais aplicados às humanidades,metodos_computacionais,Métodos computacionais aplicados às humanidades,humanidades digitais
002688943,002688943,https://www.rcaap.pt/detail.jsp?id=002688943,https://doi.org/http://dx.doi.org/10.11606/issn.2176-9419.v16ispep53-93,https://revistas.usp.br/flp/pt_BR/article/view/88404,O Corpus Tycho Brahe: contribuições para as humanidades digitais no Brasil,"Sousa, Maria Clara Paixão de","Sousa, Maria Clara Paixão de",,Oasisbr,https://oasisbr.ibict.br/,Oasisbr,non_pt,,,,,other,,,,,,,,title,1,True,False,False,True,False,False,https://revistas.usp.br/flp/article/download/88404/91296,45,False,,,0,0,,0,not_attempted,,excluded_document_type,2026-03-11T12:06:24.966423+00:00,analise_textual_nlp,Análise textual e NLP,analise_textual_nlp | metodos_computacionais,Análise textual e NLP | Métodos computacionais aplicados às humanidades,corpus | humanidades digitais
oai-repositorioaberto-uab-pt-10400-2-7763,oai:repositorioaberto.uab.pt:10400.2/7763,https://www.rcaap.pt/detail.jsp?id=oai:repositorioaberto.uab.pt:10400.2/7763,http://hdl.handle.net/10400.2/7763,https://repositorioaberto.uab.pt/entities/publication/c966eac5-f5ea-4ccc-9289-7316c8c25e19,Emissão dia 15 de maio de 2011,Universidade Aberta,Universidade Aberta,"Guerreiro, Maria João | Espírito Santo, Ricardo | Repositório Aberto",Repositório Aberto da Universidade Aberta,https://repositorioaberto.uab.pt/,Universidade Aberta,pt,,2018,learning object,learning object,other,,por,Universidade Aberta,open access,"Projeto Letras Digitais, na Universidade Aberta (UAb): Entrevista ao professor Carlos Carreto, diretor do Departamento de Humanidades (DH) da Universidade Aberta (UAb). Monumentos Naturais de Portugal: Excerto do videograma “Monumentos Naturais de Portugal”, produzido pela Universidade Aberta, em 2010; Entrevista a Vanda Santos, investigadora e paleontóloga e a Pedro Pereira, docente da Universidade Aberta, sobre pistas de dinossáurios. Lançamento do livro “Haja Luz! Uma História da Química Através de Tudo”, da autoria do professor Jorge Calado, no Anfiteatro do Laboratório Chimico do Museu de Ciência da Universidade Nova de Lisboa; Depoimentos de Fernando Caetano, docente da Universidade Aberta e do autor Jorge Calado, professor catedrático. Exposição audiovisual: Mostra de equipamentos audiovisuais, patente no Palácio Ceia, sede da Universidade Aberta (UAb), em Lisboa; Depoimentos de Carlos Garez, da Unidade de Produção e Gestão de Conteúdos Ensino (UPGCE) da Universidade Aberta (UAb) e de Helena Leão, do Gabinete de Imprensa e Imagem (GII) da UAb. Recurso a excertos do filme “O Instituto de Meios Áudio-Visuais de Educação apresenta aspectos da sua actividade ”, produzido pelo IMAVE, 1969. A emissão inicia com “Destaques” e finaliza com o “Cartaz”.",Literatura | Tecnologia digital | História | Química | Ciências do ambiente | Lançamento de obras | Educação | Meios audiovisuais | Património audiovisual | Emissões UAb (programas),"Projeto Letras Digitais, na Universidade Aberta (UAb): Entrevista ao professor Carlos Carreto, diretor do Departamento de Humanidades (DH) da Universidade Aberta (UAb). Monumentos Naturais de Portugal: Excerto do videograma “Monumentos Naturais de Portugal”, produzido pela Universidade Aberta, em 2010; Entrevista a Vanda Santos, investigadora e paleontóloga e a Pedro Pereira, docente da Universidade Aberta, sob...",abstract,1,False,False,False,False,False,True,https://repositorioaberto.uab.pt/bitstreams/c4b4b9a1-0dfb-4048-affe-331a3e7be2d7/download,19,False,,,0,0,,0,not_attempted,,excluded_no_exact_phrase,2026-03-11T12:06:38.744247+00:00,patrimonio_digital,Património digital,patrimonio_digital | ensino_formacao,Património digital | Ensino e formação,curso | ensino | museu | patrimonio | património
oai-repositorium-uminho-pt-1822-30070,oai:repositorium.uminho.pt:1822/30070,https://www.rcaap.pt/detail.jsp?id=oai:repositorium.uminho.pt:1822/30070,https://hdl.handle.net/1822/30070,https://repositorium.uminho.pt/entities/publication/8ea52466-1edd-468f-af7c-40198abbefab,Aplicação e uso de tecnologias digitais pelos professores do ensino superior no Brasil e em Portugal,"Silva, Bento Duarte | Araújo, Alexandra Maria Dantas de Castro | Vendramini, Claudette Maria | Martins, Ronei Ximenes | Piovezan, Nayane Martoni | Prates, Eli | Dias, Anelise Silva | Almeida, Leandro S. | Joly, Maria Cristina Rodrigues Azevedo","Silva, Bento Duarte",Universidade do Minho,RepositóriUM - Universidade do Minho,https://repositorium.uminho.pt,Universidade do Minho,pt,,2014,journal article,journal article,other,,por,Associação Portuguesa de Telemática Educativa (EDUCOM),open access,"No quadro de uma investigação sobre o desempenho em tecnologias digitais por parte de professores universitários do Brasil e de Portugal nas suas atividades docentes quotidianas, este artigo descreve as suas competências e níveis de utilização de tais recursos. Os participantes são na sua maioria do sexo feminino, tendo como nível predominante de formação o mestrado e o doutoramento, sendo a maior parte da área de Humanidades e Ciências Sociais. As idades variaram entre 22 e 73 anos, situando-se o tempo de docência entre seis meses e 39 anos. Os resultados sugerem que as tecnologias digitais mais utilizadas nos dois países foram o computador, aplicativos como editor de texto, navegadores de web, powerpoint, PDF, telemóvel, ambientes virtuais de aprendizagem e projetor multimídia Especificamente no que diz respeito à utilização da internet, a maioria de docentes relata utilizar diariamente para e-mail, notícias e criar documentos. Quanto à literacia digital, identificou-se uma competência maior para um uso instrumental das tecnologias do que para a gestão pedagógica. Considerando o conjunto de resultados, importa destacar a similaridade da competência digital dos docentes universitários dos países investigados, indicando a necessidade de se desenvolverem programas de formação voltados para a gestão pedagógica com recurso às tecnologias digitais.",Tecnologias digitais | Competência pedagógica | Ensino superior | Formação de professores | Digital technologies | Teaching competency | Higher Education | Teacher training,"No quadro de uma investigação sobre o desempenho em tecnologias digitais por parte de professores universitários do Brasil e de Portugal nas suas atividades docentes quotidianas, este artigo descreve as suas competências e níveis de utilização de tais recursos. Os participantes são na sua maioria do sexo feminino, tendo como nível predominante de formação o mestrado e o doutoramento, sendo a maior parte da área...",abstract,1,False,False,False,False,False,True,https://repositorium.uminho.pt/bitstreams/1e0d6fdb-28d7-4474-bd2f-33dc58832e6a/download,15,False,,,0,0,,0,not_attempted,,excluded_no_exact_phrase,2026-03-11T12:06:41.897708+00:00,ensino_formacao,Ensino e formação,ensino_formacao,Ensino e formação,aprendizagem | curso | ensino
oai-dspace-uevora-pt-10174-8809,oai:dspace.uevora.pt:10174/8809,https://www.rcaap.pt/detail.jsp?id=oai:dspace.uevora.pt:10174/8809,http://hdl.handle.net/10174/8809,http://dspace.uevora.pt/rdpc/handle/10174/8809,Bibliotecas Digitais para as Humanidades: novos desafios e oportunidades,"Guerreiro, Dália | Calixto, José António | Borbinha, José Luís","Guerreiro, Dália",,Repositório Científico da Universidade de Évora,https://dspace.uevora.pt/rdpc,Universidade de Évora,pt,,2013,lecture,lecture,other,,por,"BAD - Associação Portuguesa de Bibliotecários, Arquivistas e Documentalistas",open access,"Este artigo apresenta uma revisão preliminar da literatura sobre digital humanities (DH), entendida como uma área que abrange as humanidades, as ciências de computação e as ciências da informação e da documentação. É uma área de investigação que agrega várias categorias institucionais, nomeadamente, universidades e organizações de profissionais. As atuais linhas de investigação procuram dar visibilidade à informação disponibilizada e reutilizá-la, alargando o âmbito de utilização pelas comunidades académicas e escolares. Os projetos desenvolvidos são documentados e constituem a base do desenvolvimento da área de digital humanities, incluindo um conjunto de boas práticas para futuros trabalhos. No entanto, ainda há um longo caminho a percorrer: por um lado, há que convencer os céticos de que a adoção de digital humanities não vai desvirtuar a investigação nas humanidades e que o computador é uma ferramenta adequada à investigação neste domínio; por outro lado, é necessário moderar os mais entusiastas que encaram da área de digital humanities como a solução para resolver todos os problemas, incluindo o financiamento dos projetos de humanidades. Os desafios concretos que a área de digital humanities enfrenta atualmente prendem-se sobretudo com a revisão do direito de autor, a preservação digital e a metodologia a seguir.",biblioteca digital | digital humanities | ciências humanas,"Este artigo apresenta uma revisão preliminar da literatura sobre digital humanities (DH), entendida como uma área que abrange as humanidades, as ciências de computação e as ciências da informação e da documentação. É uma área de investigação que agrega várias categorias institucionais, nomeadamente, universidades e organizações de profissionais. As atuais linhas de investigação procuram dar visibilidade à infor...",title,1,False,False,False,False,False,True,http://dspace.uevora.pt/rdpc/bitstream/10174/8809/1/artigo_BAD_DG_2012-09-29.pdf,32,False,,,0,0,,0,not_attempted,,excluded_no_exact_phrase,2026-03-11T12:06:20.556943+00:00,arquivos_bibliotecas_digitais,Arquivos e bibliotecas digitais,arquivos_bibliotecas_digitais | preservacao_digital,Arquivos e bibliotecas digitais | Preservação digital,biblioteca digital | bibliotecas digitais | preservacao digital | preservação digital
oai-publicacoes-bad-pt-revistas-article-354,oai:publicacoes.bad.pt/revistas:article/354,https://www.rcaap.pt/detail.jsp?id=oai:publicacoes.bad.pt/revistas:article/354,https://publicacoes.bad.pt/revistas/index.php/congressosbad/article/view/354,https://publicacoes.bad.pt/revistas/index.php/congressosbad/article/view/354,Bibliotecas Digitais para as Humanidades: novos desafios e oportunidades,"Guerreiro, Dália Maria | Calixto, José António | Borbinha, José","Guerreiro, Dália Maria",,"Actas do Congresso Nacional de Bibliotecários, Arquivistas e Documentalistas",https://publicacoes.bad.pt/revistas/index.php/congressosbad,"Actas do Congresso Nacional de Bibliotecários, Arquivistas e Documentalistas",pt,,2012,journal article,journal article,other,,por,"Actas do Congresso Nacional de Bibliotecários, Arquivistas e Documentalistas",,"Este artigo apresenta uma revisão preliminar da literatura sobre digital humanities (DH), entendida como uma área que abrange as humanidades, as ciências de computação e as ciências da informação e da documentação. É uma área de investigação que agrega várias categorias institucionais, nomeadamente, universidades e organizações de profissionais. As atuais linhas de investigação procuram dar visibilidade à informação disponibilizada e reutilizá-la, alargando o âmbito de utilização pelas comunidades académicas e escolares. Os projetos desenvolvidos são documentados e constituem a base do desenvolvimento da área de digital humanities, incluindo um conjunto de boas práticas para futuros trabalhos. No entanto, ainda há um longo caminho a percorrer: por um lado, há que convencer os céticos de que a adoção de digital humanities não vai desvirtuar a investigação nas humanidades e que o computador é uma ferramenta adequada à investigação neste domínio; por outro lado, é necessário moderar os mais entusiastas que encaram da área de digital humanities como a solução para resolver todos os problemas, incluindo o financiamento dos projetos de humanidades. Os desafios concretos que a área de digital humanities enfrenta atualmente prendem-se sobretudo com a revisão do direito de autor, a preservação digital e a metodologia a seguir.",Biblioteca digital | digital humanities | ciências humanas,"Este artigo apresenta uma revisão preliminar da literatura sobre digital humanities (DH), entendida como uma área que abrange as humanidades, as ciências de computação e as ciências da informação e da documentação. É uma área de investigação que agrega várias categorias institucionais, nomeadamente, universidades e organizações de profissionais. As atuais linhas de investigação procuram dar visibilidade à infor...",title,1,False,False,False,False,False,True,https://publicacoes.bad.pt/revistas/index.php/congressosbad/article/download/354/pdf,21,False,,,0,0,,0,not_attempted,,excluded_no_exact_phrase,2026-03-11T12:06:19.870734+00:00,arquivos_bibliotecas_digitais,Arquivos e bibliotecas digitais,arquivos_bibliotecas_digitais | preservacao_digital,Arquivos e bibliotecas digitais | Preservação digital,biblioteca digital | bibliotecas digitais | preservacao digital | preservação digital
oai-run-unl-pt-10362-2499,oai:run.unl.pt:10362/2499,https://www.rcaap.pt/detail.jsp?id=oai:run.unl.pt:10362/2499,http://hdl.handle.net/10362/2499,,"Direito de Autor, intimidade privada e ambiente digital: reflexões sobre a cópia privada de obras intelectuais","Trabuco, Cláudia","Trabuco, Cláudia",RUN,Repositório Institucional da UNL,https://run.unl.pt,Repositório Institucional da UNL,pt,,2010,journal article,journal article,other,,por,Araucaria,open access,"O presente texto analisa o limite estabelecido na maioria das legislações autorais ao direito de reprodução que dispensa do consentimento do titular do direito de autor as reproduções para uso privado. Este limite aparece muitas vezes associado a um direito dos titulares de direitos a uma compensação equitativa pelos prejuízos que se estima daí terem resultado para a exploração normal das obras intelectuais, a qual se encontra actualmente em discussão pela Comissão Europeia e que obriga a repensar a própria subsistência de um limite relativo à cópia privada. São, por isso, passadas em revista as justificações que tradicionalmente têm fundamentado este limite e analisada a legitimidade das mesmas no contexto das reproduções digitais de obras, concedendo-se especial atenção àquele que parece ser o seu alicerce mais consistente, isto é, a protecção da privacidade do indivíduo.",Cópia privada | Direito de autor | Intimidade da vida privada | Privacidade | Obras intelectuais | Propriedade intelectual,"Araucaria. Revista Iberoamericana de Filosofia, Política y Humanidades - Año 9, Nº 18, Segundo semestre de 2007; O presente texto analisa o limite estabelecido na maioria das legislações autorais ao direito de reprodução que dispensa do consentimento do titular do direito de autor as reproduções para uso privado. Este limite aparece muitas vezes associado a um direito dos titulares de direitos a uma compensação...",abstract,1,False,False,False,False,False,True,,0,False,,,0,0,,0,not_attempted,,excluded_no_exact_phrase,2026-03-11T12:06:34.240741+00:00,humanidades_espaciais_gis,Humanidades espaciais / GIS,humanidades_espaciais_gis,Humanidades espaciais / GIS,gis
oai-recil-ulusofona-pt-10437-2688,oai:recil.ulusofona.pt:10437/2688,https://www.rcaap.pt/detail.jsp?id=oai:recil.ulusofona.pt:10437/2688,http://hdl.handle.net/10437/2688,https://recil.ulusofona.pt/items/fda29c3d-cbe6-41c2-af3a-4df5c69817c6,"Pequenas deficiências, deficientes profundos","Carvalho, Jorge","Carvalho, Jorge",,ReCiL - Repositório Científico Lusófona,https://recil.ulusofona.pt/,ReCiL - Repositório Científico Lusófona,pt,,2006,journal article,journal article,other,,por,Edições Universitárias Lusófonas,open access,"Neste artigo pretende-se, em primeiro lugar, identificar pequenas deficiências que se manifestam em todos nós, e em particular nos mais velhos, na utilização de objectos de uso comum, assim como as deficiências desses mesmos objectos com os quais convivemos no nosso dia-a-dia (registos obtidos em viagem). Pretende-se igualmente analisar projectos de investigação em Design Inclusivo desen - volvidos no âmbito do curso de Design, centrados nas observações exploratórias de disponibilidades financeiras, de materiais e de tecnologias que possibilitem a produção de pequenas séries de objectos, realizados em contexto industrial de baixos recursos e de fácil execução. Finalmente, propomos áreas de investigação com a articulação de tecnologias digitais incorporados em projectos realizados noutras áreas, visando alargar os campos de investigação e transportar para as áreas dos jovens deficientes profundos aplicações lúdicas e de melhoria da sua relação com o mundo.",COMUNICAÇÃO | DESIGN | DEFICIÊNCIAS SENSORIAIS | COMMUNICATION | SENSORY IMPAIRMENTS,"Neste artigo pretende-se, em primeiro lugar, identificar pequenas deficiências que se manifestam em todos nós, e em particular nos mais velhos, na utilização de objectos de uso comum, assim como as deficiências desses mesmos objectos com os quais convivemos no nosso dia-a-dia (registos obtidos em viagem). Pretende-se igualmente analisar projectos de investigação em Design Inclusivo desen - volvidos no âmbito do...",abstract,1,False,False,False,False,False,True,https://recil.ulusofona.pt/bitstreams/f0fee4af-401e-4db6-9697-ec2e49585f93/download,17,False,,,0,0,,0,not_attempted,,excluded_no_exact_phrase,2026-03-11T12:06:33.574297+00:00,humanidades_espaciais_gis,Humanidades espaciais / GIS,humanidades_espaciais_gis | ensino_formacao,Humanidades espaciais / GIS | Ensino e formação,curso | gis | sig
